{
    "ATOM18": {
        "ao": 0.5557220397345486,
        "sr_50": 0.6342395796434054,
        "sr_75": 0.4018183965049002,
        "speed_fps": 20.709775479254724,
        "succ_curve": [
            0.8545873184555437,
            0.8519305703152674,
            0.8492590624631007,
            0.8466761128822765,
            0.8438570079112055,
            0.8413773763136143,
            0.8387501475971189,
            0.8359900814736096,
            0.8328462628409493,
            0.8293186916991381,
            0.8258796788286693,
            0.8224111465344196,
            0.8190164127996221,
            0.815562640217263,
            0.812359782737041,
            0.8088469713071201,
            0.805644113826898,
            0.8022493800921006,
            0.7990317628999882,
            0.7959174636911087,
            0.792375132837407,
            0.7887147242885819,
            0.7854528279607982,
            0.7813791474790412,
            0.7774235446924076,
            0.7730399102609518,
            0.7677116542685086,
            0.7626343133782029,
            0.7577045696068013,
            0.7529519423780848,
            0.748642106506081,
            0.7438452001416932,
            0.7382807887590034,
            0.732731137088204,
            0.7267829731963632,
            0.7216465934584957,
            0.7161412209233676,
            0.7106506081001299,
            0.704215373715905,
            0.6986066831975439,
            0.692968473255402,
            0.6869317510922187,
            0.6809688274884874,
            0.6751092218679892,
            0.6695743299090802,
            0.6638475616955957,
            0.6582831503129059,
            0.6525121029637502,
            0.6468000944621561,
            0.6405567363325068,
            0.6342395796434054,
            0.6277453064116189,
            0.6213248317392844,
            0.6141811311843193,
            0.6073031054433817,
            0.5996575746841422,
            0.5921006021962452,
            0.5844107923013343,
            0.5771490140512457,
            0.5694296847325541,
            0.5621679064824655,
            0.5545666548588971,
            0.5463159759121502,
            0.5378734207108278,
            0.5297850985948754,
            0.5202503247136616,
            0.5107155508324478,
            0.500974140984768,
            0.4908489786279372,
            0.48007438894792775,
            0.46890128704687684,
            0.4575805880269217,
            0.444533002715787,
            0.4311902231668438,
            0.4173603731255166,
            0.4018183965049002,
            0.38608454362970834,
            0.36934703034596766,
            0.3517829731963632,
            0.334853583658047,
            0.3161973078285512,
            0.2963602550478215,
            0.27610993033415987,
            0.2542360373125517,
            0.23299681190223168,
            0.2105325304050065,
            0.18837820285748022,
            0.1643936710355414,
            0.13990730900932813,
            0.11638032825599244,
            0.09360609280906837,
            0.07185027748258355,
            0.051909906718620856,
            0.03561518479159287,
            0.022582359192348564,
            0.012634313378202857,
            0.006066241586964223,
            0.0023615539024678237,
            0.0006641870350690755,
            8.855827134254339e-05,
            0.0
        ]
    }
}