{
    "CCOT": {
        "overall": {
            "ao": 0.3251825158611502,
            "sr_50": 0.3280198370527807,
            "sr_75": 0.10715550832447751,
            "speed_fps": 0.6829311754865718,
            "succ_curve": [
                0.6801275239107333,
                0.6742383988664541,
                0.6705189514700673,
                0.6664452709883103,
                0.661840240878498,
                0.6564824654622742,
                0.6522759475735034,
                0.647803754870705,
                0.6410290471130003,
                0.6351399220687212,
                0.6284537725823592,
                0.6222546935883811,
                0.6173839886645413,
                0.6119376549769748,
                0.6063584838823947,
                0.6001151257527453,
                0.5954215373715905,
                0.589311016648955,
                0.5835104498760184,
                0.5783297910024796,
                0.5717764789231314,
                0.5638062345023025,
                0.5565887353878852,
                0.5489284449167552,
                0.540249734325186,
                0.5317481402763018,
                0.5225380800566773,
                0.5147892313142047,
                0.5068632660290471,
                0.5001328374070139,
                0.49220687212185615,
                0.4848122564647538,
                0.4762663832801984,
                0.4690488841657811,
                0.461211477151966,
                0.4537725823591923,
                0.44580233793836344,
                0.43743358129649307,
                0.42950761601133547,
                0.42012043924902587,
                0.4114417286574566,
                0.4034714842366277,
                0.39545696068012753,
                0.38629117959617426,
                0.37681544456252214,
                0.36804817569961035,
                0.35967941905774,
                0.3529047113000354,
                0.34493446687920654,
                0.33647715196599365,
                0.3280198370527807,
                0.3182341480694297,
                0.30937832093517537,
                0.3018951470067304,
                0.29330499468650373,
                0.28542330853701736,
                0.2770988310308183,
                0.2695270988310308,
                0.2609369465108041,
                0.25243535246191995,
                0.24393375841303577,
                0.23556500177116543,
                0.22657633722989728,
                0.2180747431810131,
                0.20948459086078638,
                0.20027453064116188,
                0.1905331207934821,
                0.18110166489550125,
                0.17211300035423308,
                0.16250442791356712,
                0.15218738930216083,
                0.14302160821820759,
                0.13350159404888418,
                0.1253099539496989,
                0.11676408076514347,
                0.10715550832447751,
                0.09993800921006021,
                0.09148069429684733,
                0.08452886999645767,
                0.07686857952532766,
                0.07022670917463691,
                0.06385051363797378,
                0.05552603613177471,
                0.049149840595111585,
                0.04352639036486008,
                0.03883280198370528,
                0.034493446687920655,
                0.029401346085724405,
                0.02523910733262487,
                0.021298264257881686,
                0.018110166489550123,
                0.014257881686149486,
                0.012088204038257173,
                0.009520014169323415,
                0.006509032943676939,
                0.0046935883811548,
                0.0032766560396741058,
                0.002391073326248672,
                0.0013726532058094226,
                0.0011069783917817923,
                0.0
            ]
        }
    }
}