{
    "CF2": {
        "overall": {
            "ao": 0.3154174104030726,
            "sr_50": 0.2968030464045342,
            "sr_75": 0.08815975912150195,
            "speed_fps": 5.565918956578607,
            "succ_curve": [
                0.721484236627701,
                0.7166135317038611,
                0.7090417995040736,
                0.7023556500177116,
                0.6969535954658165,
                0.6900460503010981,
                0.6845111583421891,
                0.6776036131774708,
                0.6708731845554374,
                0.664275593340418,
                0.653692879914984,
                0.6455012398157988,
                0.6396121147715197,
                0.6319075451647184,
                0.6241144172865746,
                0.6166312433581297,
                0.6087495572086433,
                0.600070846617074,
                0.5919677647892313,
                0.5844403117251151,
                0.5765143464399575,
                0.5685883811547998,
                0.5593340417995041,
                0.5499025859015232,
                0.5411353170386114,
                0.5309953949698902,
                0.5200584484590861,
                0.5096528515763372,
                0.4988930216082182,
                0.4869819341126461,
                0.4767534537725824,
                0.467410556145944,
                0.458599008147361,
                0.4489018774353525,
                0.43907190931633017,
                0.4308802692171449,
                0.4227329082536309,
                0.41427559334041797,
                0.4062610697839178,
                0.39656393907190934,
                0.38713248317392845,
                0.37712539851222104,
                0.36711831385051363,
                0.3570226709174637,
                0.3487424725469359,
                0.33939957492029754,
                0.33142933049946866,
                0.3227506199078994,
                0.3139833510449876,
                0.3057474318101311,
                0.2968030464045342,
                0.28905419766206164,
                0.28006553312079346,
                0.27138682252922425,
                0.2631509032943677,
                0.2547378675168261,
                0.2449964576691463,
                0.23534360609280908,
                0.22693057031526745,
                0.2175876726886291,
                0.2082447750619908,
                0.20027453064116188,
                0.1919943322706341,
                0.18313850513637975,
                0.1737956075097414,
                0.16586964222458378,
                0.1567481402763018,
                0.1490878498051718,
                0.14187035069075452,
                0.13460857244066596,
                0.12632837407013814,
                0.11760538434289762,
                0.11007793127878143,
                0.10281615302869287,
                0.09564293304994687,
                0.08815975912150195,
                0.08129649309245483,
                0.07518597236981935,
                0.06845554374778605,
                0.06185795253276656,
                0.0560131066241587,
                0.051230959971661355,
                0.04547467233439603,
                0.040028338646829614,
                0.03529047113000354,
                0.031261069783917815,
                0.02767445979454481,
                0.023866454126815446,
                0.020678356358483883,
                0.017445979454481047,
                0.01461211477151966,
                0.011424017003188097,
                0.008722989727240523,
                0.006730428622033298,
                0.005313496280552604,
                0.003808005667729366,
                0.002966702089975204,
                0.002302515054906128,
                0.0018597236981934113,
                0.001195536663124336,
                0.0
            ]
        }
    }
}