{
    "ECO": {
        "overall": {
            "ao": 0.31586911084299035,
            "sr_50": 0.3090240878498052,
            "sr_75": 0.11074211831385052,
            "speed_fps": 2.622277789835482,
            "succ_curve": [
                0.6773822174991144,
                0.6688806234502302,
                0.6617516826071556,
                0.6539142755933404,
                0.6461654268508679,
                0.6387708111937656,
                0.6332359192348566,
                0.6273025150549061,
                0.6225203684024088,
                0.6168083599008147,
                0.6116719801629472,
                0.6056500177116543,
                0.5996280552603613,
                0.5939603258944386,
                0.5878055260361318,
                0.5821820758058802,
                0.5768685795253277,
                0.5700495926319519,
                0.5630534891958909,
                0.5564558979808714,
                0.5499911441728658,
                0.5437920651788877,
                0.5370173574211832,
                0.5304197662061636,
                0.5227594757350337,
                0.5161618845200142,
                0.509298618490967,
                0.5029224229543039,
                0.4956606447042154,
                0.48870882040382574,
                0.48069429684732556,
                0.47334396032589443,
                0.4662150194828197,
                0.457624867162593,
                0.4496546227417641,
                0.4411530286928799,
                0.4318101310662416,
                0.42215727948990434,
                0.4122830322352108,
                0.4031615302869288,
                0.3928887708111938,
                0.3842543393552958,
                0.3751771165426851,
                0.366365568544102,
                0.35737690400283384,
                0.34962805526036134,
                0.3418792065178888,
                0.3338646829613886,
                0.3247874601487779,
                0.31668437832093516,
                0.3090240878498052,
                0.3002568189868934,
                0.2915338292596529,
                0.2836521431101665,
                0.2763018065887354,
                0.2692171448813319,
                0.261733970952887,
                0.2552692171448813,
                0.24884874247254693,
                0.2415426850867871,
                0.23259829968119022,
                0.22538080056677293,
                0.21696776478923133,
                0.20877612469004606,
                0.20054020545518952,
                0.1921271696776479,
                0.18406836698547643,
                0.175522493800921,
                0.16737513283740701,
                0.15953772582359194,
                0.15121324831739286,
                0.1431544456252214,
                0.13531703861140632,
                0.1268597236981934,
                0.11946510804109103,
                0.11074211831385052,
                0.10423308537017358,
                0.09728126106978392,
                0.09063939071909316,
                0.08355472901168969,
                0.07735565001771165,
                0.070403825717322,
                0.06486893375841303,
                0.05871413390010627,
                0.05326780021253985,
                0.04804286220332979,
                0.04144527098831031,
                0.03506907545164718,
                0.029888416578108395,
                0.02537194473963868,
                0.021563939071909316,
                0.01691462982642579,
                0.013903648600779313,
                0.010804109103790293,
                0.00836875664187035,
                0.0054906128232376904,
                0.003498051718030464,
                0.002391073326248672,
                0.0015054906128232376,
                0.0008413035777541623,
                0.0
            ]
        }
    }
}