{
    "GOTURN": {
        "overall": {
            "ao": 0.3473816969628933,
            "sr_50": 0.375487070492384,
            "sr_75": 0.12393730074388948,
            "speed_fps": 108.54941176660256,
            "succ_curve": [
                0.7167020899752037,
                0.7114771519659936,
                0.7053666312433581,
                0.6885405596882749,
                0.6749025859015232,
                0.6684378320935175,
                0.661663124335813,
                0.654489904357067,
                0.6498405951115834,
                0.6439071909316331,
                0.6381066241586965,
                0.6327488487424725,
                0.6279667020899752,
                0.6227860432164364,
                0.6177382217499114,
                0.6121590506553312,
                0.6075097414098477,
                0.6019748494509387,
                0.596307120085016,
                0.5904179950407368,
                0.5843960325894438,
                0.5776213248317393,
                0.5709351753453773,
                0.5641161884520014,
                0.557695713779667,
                0.5520722635494155,
                0.5463159759121502,
                0.5401611760538434,
                0.5344491675522494,
                0.5287814381863266,
                0.5223609635139922,
                0.5163390010626993,
                0.5096971307120085,
                0.5022139567835636,
                0.495439249025859,
                0.48804463336875664,
                0.4814913212894084,
                0.4740081473609635,
                0.4679861849096706,
                0.45975026567481403,
                0.4527541622387531,
                0.4447839178179242,
                0.437256464753808,
                0.42937477860432166,
                0.4219801629472193,
                0.41485122210414455,
                0.4083421891604676,
                0.3995306411618845,
                0.39226886291179597,
                0.3846528515763372,
                0.375487070492384,
                0.36725115125752744,
                0.35932518597236984,
                0.35038080056677295,
                0.3421448813319164,
                0.3335547290116897,
                0.323503365214311,
                0.31407190931633017,
                0.30402054551895147,
                0.29450053134962806,
                0.2835193057031527,
                0.2726709174636911,
                0.26191108749557207,
                0.25115125752745304,
                0.23986007793127878,
                0.22963159759121501,
                0.21873893021608218,
                0.20939603258944386,
                0.1991232731137088,
                0.18783209351753455,
                0.17707226354941552,
                0.166888062345023,
                0.1553754870704924,
                0.14483705278072972,
                0.13443145589798086,
                0.12393730074388948,
                0.1135759829968119,
                0.10573857598299681,
                0.09710414452709883,
                0.08758413035777542,
                0.07784272051009564,
                0.06916400991852639,
                0.05995394969890188,
                0.05198370527807297,
                0.045518951470067306,
                0.03856712716967765,
                0.03183669854764435,
                0.026168969181721572,
                0.0211211477151966,
                0.017357421183138506,
                0.01306234502302515,
                0.010361317747077577,
                0.007970244420828906,
                0.005623450230251506,
                0.0040294013460857245,
                0.0027453064116188452,
                0.0019482819695359546,
                0.0013726532058094226,
                0.0008413035777541623,
                0.000442791356712717,
                0.0
            ]
        }
    }
}