{
    "mini1": {
        "ao": 0.6167779875822931,
        "sr_50": 0.7477860432164364,
        "sr_75": 0.47476089266737515,
        "speed_fps": 66.7527927405609,
        "succ_curve": [
            0.8767268862911796,
            0.8751328374070139,
            0.8732288345731491,
            0.871900460503011,
            0.8707492029755579,
            0.8690665958200496,
            0.86733970952887,
            0.8654799858306765,
            0.863753099539497,
            0.8620704923839887,
            0.8595908607863975,
            0.8579082536308891,
            0.855605738575983,
            0.8537460148777896,
            0.8517091746369111,
            0.8496280552603613,
            0.8480340063761955,
            0.8465285157633723,
            0.8443145589798087,
            0.8426762309599717,
            0.8400637619553666,
            0.838159759121502,
            0.8355915692525682,
            0.8335104498760184,
            0.8316950053134963,
            0.8297467233439604,
            0.8275327665603968,
            0.8250974140984768,
            0.8227948990435706,
            0.820403825717322,
            0.8186326602904711,
            0.8161087495572087,
            0.8138505136379738,
            0.8111052072263549,
            0.8081385051363797,
            0.8055703152674459,
            0.802470775770457,
            0.7992383988664541,
            0.7970687212185618,
            0.7937035069075452,
            0.7905154091392136,
            0.786663124335813,
            0.7830322352107687,
            0.7792685086787106,
            0.7748405951115834,
            0.7712539851222104,
            0.7668703506907545,
            0.7626638328019837,
            0.7580145235565002,
            0.7531880977683315,
            0.7477860432164364,
            0.7417198016294722,
            0.7364948636202622,
            0.730605738575983,
            0.7242738221749911,
            0.7175876726886291,
            0.7101487778958555,
            0.7029312787814382,
            0.6961122918880623,
            0.6869022316684378,
            0.6765409139213603,
            0.6664895501239816,
            0.6571466524973433,
            0.6476709174636911,
            0.6366896918172157,
            0.6246457669146298,
            0.6141073326248672,
            0.6019748494509387,
            0.5892224583776124,
            0.5762043924902586,
            0.5618136733970953,
            0.5464045341834928,
            0.5305526036131775,
            0.5133722989727241,
            0.4950407368048176,
            0.47476089266737515,
            0.45403825717322,
            0.4325628763726532,
            0.4084750265674814,
            0.383634431455898,
            0.3567127169677648,
            0.33160644704215375,
            0.30313496280552604,
            0.2740878498051718,
            0.24428799149840594,
            0.2149752036840241,
            0.18451115834218917,
            0.15603967410556147,
            0.12827665603967411,
            0.10277187389302161,
            0.07815267445979454,
            0.058669854764434995,
            0.040559688274884875,
            0.025150549061282324,
            0.01461211477151966,
            0.007616011335458732,
            0.003498051718030464,
            0.0007527453064116188,
            0.00013283740701381508,
            0.0,
            0.0
        ]
    }
}