{
    "FC": {
        "ao": 0.5263678712522434,
        "sr_50": 0.6251328374070139,
        "sr_75": 0.3467941905773999,
        "speed_fps": 124.46423223048943,
        "succ_curve": [
            0.8192525681898689,
            0.8152674459794544,
            0.8108838115479986,
            0.8067658519305703,
            0.80362203329791,
            0.8000797024442083,
            0.7964930924548352,
            0.7937477860432164,
            0.790426850867871,
            0.7876815444562523,
            0.7850690754516472,
            0.7828993978037548,
            0.7807297201558625,
            0.778692879914984,
            0.7758590152320227,
            0.7736450584484591,
            0.7716082182075806,
            0.7689957492029755,
            0.7660733262486716,
            0.7636379737867517,
            0.7614240170031881,
            0.7586344314558979,
            0.7558891250442792,
            0.7527895855472901,
            0.749512929507616,
            0.7456606447042153,
            0.7422068721218562,
            0.7382217499114417,
            0.73467941905774,
            0.7312256464753808,
            0.7273290825363089,
            0.7232996811902231,
            0.7186503719447397,
            0.7136025504782146,
            0.7088204038257173,
            0.7044367693942615,
            0.699654622741764,
            0.6951381509032943,
            0.6907102373361672,
            0.6856624158696423,
            0.6811902231668437,
            0.6765409139213603,
            0.6722458377612469,
            0.6663124335812965,
            0.6608218207580588,
            0.6560396741055614,
            0.65041622387531,
            0.6441285866099894,
            0.6387265320580943,
            0.6322174991144173,
            0.6251328374070139,
            0.6187566418703507,
            0.61211477151966,
            0.6037902940134608,
            0.596307120085016,
            0.5874070138150903,
            0.5793039319872476,
            0.5701381509032943,
            0.5616365568544102,
            0.5522493800921006,
            0.5417552249380092,
            0.5320580942260007,
            0.5216082182075806,
            0.5118668083599008,
            0.5005313496280552,
            0.48946156571023736,
            0.4763992206872122,
            0.463823946156571,
            0.45178002125398514,
            0.4383634431455898,
            0.4250797024442083,
            0.41153028692879917,
            0.3972724052426497,
            0.38226177825008856,
            0.3638859369465108,
            0.3467941905773999,
            0.3291710945802338,
            0.3098211122918881,
            0.2913124335812965,
            0.27094403117251153,
            0.24964576691462984,
            0.23034006376195537,
            0.20952886999645767,
            0.18969181721572795,
            0.16972192702798441,
            0.1505047821466525,
            0.13128763726532058,
            0.11127346794190578,
            0.09117074034714842,
            0.07536308891250443,
            0.06039674105561459,
            0.04574034714842366,
            0.033873538788522846,
            0.022493800921006023,
            0.014434998228834574,
            0.008457314913212895,
            0.0040294013460857245,
            0.001328374070138151,
            0.00026567481402763017,
            0.0,
            0.0
        ]
    }
}