{
    "LeVentLevant": {
        "ao": 0.6070741551442553,
        "sr_50": 0.7370262132483174,
        "sr_75": 0.46444385405596883,
        "speed_fps": 43.39516226420638,
        "succ_curve": [
            0.8739815798795607,
            0.8723432518597237,
            0.8707049238398866,
            0.8691994332270634,
            0.8673839886645413,
            0.8653471484236628,
            0.8634874247254694,
            0.8610520722635494,
            0.8590152320226709,
            0.8570226709174636,
            0.8548087141339001,
            0.8522848034006376,
            0.8497166135317039,
            0.8470155862557562,
            0.8447130712008502,
            0.8422334396032589,
            0.839798087141339,
            0.8374955720864329,
            0.8342631951824301,
            0.8308094226000708,
            0.827886999645767,
            0.8251416932341481,
            0.8215108041091038,
            0.8177470775770457,
            0.8147360963513992,
            0.8118579525327666,
            0.8094668792065179,
            0.8059245483528161,
            0.8039762663832802,
            0.8025150549061282,
            0.8004782146652497,
            0.7976000708466171,
            0.7950761601133546,
            0.7927736450584485,
            0.7903825717321998,
            0.7881243358129649,
            0.7853790294013461,
            0.782279489904357,
            0.779489904357067,
            0.777054551895147,
            0.7750619907899398,
            0.7723166843783209,
            0.7685086787105916,
            0.7662061636556854,
            0.7626195536663124,
            0.7590329436769394,
            0.7548264257881686,
            0.750177116542685,
            0.7465019482819696,
            0.741852639036486,
            0.7370262132483174,
            0.7329082536308891,
            0.7266648955012398,
            0.7202886999645767,
            0.7139567835635848,
            0.7070049592631952,
            0.6992118313850514,
            0.6915515409139213,
            0.6835370173574212,
            0.6748583067658519,
            0.6659582004959264,
            0.6565710237336168,
            0.6466967764789231,
            0.6369553666312433,
            0.6260626992561105,
            0.6158342189160467,
            0.6048529932695714,
            0.5929419057739993,
            0.580189514700673,
            0.5687212185618137,
            0.5543747786043216,
            0.5386999645766914,
            0.5217853347502657,
            0.502612469004605,
            0.4845023025150549,
            0.46444385405596883,
            0.4437212185618137,
            0.4218030464045342,
            0.3988221749911442,
            0.3750442791356713,
            0.34891958908962095,
            0.3237690400283387,
            0.293349273822175,
            0.2639922068721219,
            0.2357421183138505,
            0.20727063407722282,
            0.1789762663832802,
            0.1506376195536663,
            0.12283032235210768,
            0.09781261069783918,
            0.07390187743535247,
            0.05530464045341835,
            0.03825717321997875,
            0.023955012398157987,
            0.013770811193765498,
            0.006154799858306766,
            0.0027453064116188452,
            0.0006641870350690755,
            8.855827134254339e-05,
            0.0,
            0.0
        ]
    }
}