{
    "SiamFCv2": {
        "overall": {
            "ao": 0.37409722901699216,
            "sr_50": 0.40369287991498404,
            "sr_75": 0.14412858660998937,
            "speed_fps": 25.81338001732022,
            "succ_curve": [
                0.7267534537725824,
                0.7184289762663832,
                0.7118756641870351,
                0.7057651434643996,
                0.6985476443499823,
                0.6903117251151257,
                0.6842012043924902,
                0.6789762663832802,
                0.6738841657810839,
                0.6695448104852993,
                0.6658253630889125,
                0.6619730782855119,
                0.6584307474318102,
                0.6537814381863266,
                0.6499734325185972,
                0.6455012398157988,
                0.6416046758767269,
                0.6369110874955721,
                0.6328374070138151,
                0.6283652143110167,
                0.6237601842012044,
                0.6193765497697485,
                0.6160998937300743,
                0.612291888062345,
                0.6084838823946157,
                0.6044987601842012,
                0.5999380092100602,
                0.5948901877435352,
                0.590285157633723,
                0.5855030109812256,
                0.5798795607509741,
                0.5738133191640099,
                0.5646032589443855,
                0.5589798087141339,
                0.5528692879914984,
                0.5455632306057385,
                0.5380357775416224,
                0.5281172511512575,
                0.5181544456252214,
                0.5084130357775416,
                0.5005756287637265,
                0.49225115125752744,
                0.48414806942968475,
                0.47414098476797734,
                0.46395678356358483,
                0.45554374778604323,
                0.44580233793836344,
                0.4358395324123273,
                0.4249468650371945,
                0.4153382925965285,
                0.40369287991498404,
                0.3928444916755225,
                0.3809334041799504,
                0.370439249025859,
                0.3598565356004251,
                0.34971661353170386,
                0.339311016648955,
                0.3285954658165073,
                0.31703861140630535,
                0.30765143464399575,
                0.296935883811548,
                0.285688983351045,
                0.27466347856889833,
                0.2647449521785335,
                0.2551806588735388,
                0.2453064116188452,
                0.23512221041445272,
                0.2249822883457315,
                0.21395678356358483,
                0.20253276656039673,
                0.1922600070846617,
                0.18172157279489903,
                0.17264434998228834,
                0.16467410556145945,
                0.1550655331207935,
                0.14412858660998937,
                0.13385582713425434,
                0.12380446333687567,
                0.11424017003188097,
                0.10445448104852993,
                0.09537725823591924,
                0.08749557208643287,
                0.07846262840949345,
                0.07004959263195182,
                0.06225646475380801,
                0.055393198724760895,
                0.04764434998228834,
                0.04157810839532412,
                0.03524619199433227,
                0.02948990435706695,
                0.0237778958554729,
                0.018464399574920298,
                0.013903648600779313,
                0.010804109103790293,
                0.00783740701381509,
                0.005047821466524973,
                0.003498051718030464,
                0.0022582359192348566,
                0.0015497697484945093,
                0.000442791356712717,
                0.0
            ]
        }
    }
}