{
    "SiamFC": {
        "overall": {
            "ao": 0.348101561003495,
            "sr_50": 0.3532589443854056,
            "sr_75": 0.09790116896918172,
            "speed_fps": 44.14793233787459,
            "succ_curve": [
                0.7422511512575275,
                0.7370704923839887,
                0.7319341126461212,
                0.7252922422954304,
                0.7175433935529578,
                0.7105472901168969,
                0.702886999645767,
                0.6954481048529932,
                0.6893375841303577,
                0.683669854764435,
                0.6778692879914984,
                0.6725557917109458,
                0.6667995040736805,
                0.6617516826071556,
                0.6566595820049592,
                0.6522316684378321,
                0.6459440311725115,
                0.6404976974849451,
                0.6355384342897626,
                0.629073680481757,
                0.6224318101310662,
                0.6159227771873893,
                0.6100336521431101,
                0.6019305703152674,
                0.5924991144172865,
                0.5842189160467588,
                0.5761158342189161,
                0.5678799149840595,
                0.5603081827842721,
                0.553134962805526,
                0.5463159759121502,
                0.537637265320581,
                0.5313053489195891,
                0.5234236627701028,
                0.5165161176053843,
                0.5084130357775416,
                0.499512929507616,
                0.49194119730782854,
                0.482066950053135,
                0.47285688983351043,
                0.4630269217144881,
                0.4534626284094935,
                0.4435441020191286,
                0.43278427205100956,
                0.42277718738930214,
                0.41277010272759473,
                0.40134608572440666,
                0.3885936946510804,
                0.37677116542685085,
                0.36477151965993626,
                0.3532589443854056,
                0.3410379029401346,
                0.3287725823591923,
                0.31562167906482463,
                0.30322352107686856,
                0.2918437832093517,
                0.2813053489195891,
                0.2691728657456606,
                0.25712894084307475,
                0.24628055260361317,
                0.23583067658519305,
                0.22648777895855474,
                0.2155951115834219,
                0.2060750974140985,
                0.1960237336167198,
                0.18654799858306767,
                0.17605384342897626,
                0.1670651788877081,
                0.15701381509032944,
                0.14740524264966348,
                0.1386379737867517,
                0.13057917109458023,
                0.12190046050301098,
                0.11362026213248318,
                0.1064027630180659,
                0.09790116896918172,
                0.09024087849805172,
                0.08320049592631952,
                0.07669146298264258,
                0.07022670917463691,
                0.06238930216082182,
                0.05654445625221396,
                0.0499025859015232,
                0.04361494863620262,
                0.038390010626992564,
                0.033253630889125044,
                0.02895855472901169,
                0.02479631597591215,
                0.021032589443854055,
                0.01775593340417995,
                0.014036486007793128,
                0.010095642933049946,
                0.007261778250088558,
                0.00522493800921006,
                0.003232376904002834,
                0.001771165426850868,
                0.0008413035777541623,
                0.00026567481402763017,
                0.0,
                0.0,
                0.0
            ]
        }
    }
}